[
{
    "model": "main.user",
    "pk": 1,
    "fields": {
        "password": "pbkdf2_sha256$100000$UM36MQDZoWjL$YF4kOG7FkoMCsFKCeOkaDA3FmhOKAMdyUHMY4rI1Lp4=",
        "last_login": "2018-10-29T23:16:08.313Z",
        "is_superuser": true,
        "username": "default",
        "first_name": "",
        "last_name": "",
        "email": "default@default.com",
        "is_staff": true,
        "is_active": true,
        "date_joined": "2018-10-29T23:12:37.401Z",
        "age": 9,
        "user_rating": 5.0,
        "learning_credit": 10,
        "groups": [],
        "user_permissions": []
    }
},
{
    "model": "main.user",
    "pk": 2,
    "fields": {
        "password": "pbkdf2_sha256$100000$8kldAPyjQrSM$KSztNzmVbcJrzei9I0JybF2ORwRI1ngrF3jry6OLQms=",
        "last_login": null,
        "is_superuser": false,
        "username": "Princess_Luna",
        "first_name": "",
        "last_name": "",
        "email": "mareinthemoon@moon.com",
        "is_staff": false,
        "is_active": true,
        "date_joined": "2018-10-29T23:17:09Z",
        "age": 1024,
        "user_rating": 5.0,
        "learning_credit": 10,
        "groups": [],
        "user_permissions": []
    }
},
{
    "model": "main.user",
    "pk": 3,
    "fields": {
        "password": "pbkdf2_sha256$100000$OxWrZhjWtdX5$7XE/Rlf2T4U67rmLUJpfOKcwXJ/mI2o3UdD+DRWsiy0=",
        "last_login": null,
        "is_superuser": false,
        "username": "Princess_Celestia",
        "first_name": "",
        "last_name": "",
        "email": "obey@sun.com",
        "is_staff": false,
        "is_active": true,
        "date_joined": "2018-10-29T23:18:42Z",
        "age": 1026,
        "user_rating": 5.0,
        "learning_credit": 10,
        "groups": [],
        "user_permissions": []
    }
}
]
